{"stats":{"minecraft:killed_by":{"minecraft:creeper":1,"mozombies_wave:zombie_pirate":1,"minecraft:zombie":1},"minecraft:picked_up":{"minecraft:iron_chestplate":2,"minecraft:wheat":18,"minecraft:suspicious_stew":2,"minecraft:lead":2,"minecraft:oak_stairs":10,"minecraft:potion":1,"minecraft:raw_copper":156,"create:water_wheel":3,"minecraft:beetroot":1,"create:mechanical_press":4,"minecraft:cobbled_deepslate":40,"minecraft:iron_pickaxe":3,"minecraft:iron_boots":3,"minecraft:stick":31,"minecraft:beehive":12,"minecraft:torch":12,"create:andesite_casing":7,"minecraft:spruce_stairs":2,"magistuarmory:rusted_heavymace":1,"minecraft:porkchop":11,"create:large_cogwheel":5,"minecraft:rotten_flesh":13,"farmersdelight:onion":13,"supplementaries:ash":10,"minecraft:cobblestone":176,"minecraft:birch_log":17,"minecraft:andesite":92,"minecraft:flint":1,"create:raw_zinc":39,"minecraft:lapis_lazuli":12,"minecraft:dirt":772,"minecraft:bone":5,"minecraft:wheat_seeds":23,"farmersdelight:pumpkin_slice":202,"minecraft:raw_gold":6,"create:shaft":5,"minecraft:rabbit":2,"minecraft:glowstone_dust":5,"galosphere:raw_silver":17,"minecraft:moss_block":4,"epicsamurai:raw_silver":13,"minecraft:honeycomb":6,"minecraft:oak_planks":103,"minecraft:cooked_porkchop":3,"create:cogwheel":5,"minecraft:sand":56,"farmersdelight:cooked_mutton_chops":2,"minecraft:mossy_cobblestone":3,"naturalist:antler":2,"minecraft:granite":14,"minecraft:golden_apple":1,"minecraft:chainmail_helmet":1,"minecraft:bread":52,"minecraft:emerald":14,"minecraft:oak_sapling":47,"minecraft:charcoal":4,"minecraft:mud":2,"minecraft:coarse_dirt":2,"minecraft:crafting_table":2,"minecraft:allium":18,"minecraft:ladder":3,"naturalist:venison":3,"culturaldelights:cucumber_seeds":6,"epicsamurai:jade":5,"wildlife:cooked_koi":2,"minecraft:mossy_cobblestone_wall":2,"minecraft:beef":3,"minecraft:sugar_cane":8,"minecraft:chest":1,"minecraft:birch_sapling":1,"minecraft:egg":2,"minecraft:raw_iron":55,"minecraft:oak_door":2,"dehydration:campfire_cauldron":2,"mozombies_wave:disco_glasses":1,"create:hand_crank":5,"minecraft:carrot":116,"minecraft:redstone":4,"minecraft:arrow":3,"minecraft:stone_shovel":2,"expandeddelight:asparagus":16,"minecraft:beetroot_seeds":9,"create:depot":2,"minecraft:gold_ingot":8,"minecraft:mutton":3,"minecraft:white_wool":2,"minecraft:skeleton_skull":1,"minecraft:stripped_oak_log":1,"minecraft:dark_oak_button":12,"minecraft:golden_carrot":4,"minecraft:leather":9,"minecraft:birch_planks":12,"minecraft:oak_log":152,"create:andesite_alloy":1,"minecraft:gunpowder":4,"minecraft:cooked_mutton":8,"minecraft:apple":7,"minecraft:kelp":166,"minecraft:iron_ingot":33,"minecraft:stone_pickaxe":1,"minecraft:glass_bottle":2,"epicsamurai:aquamarine":1,"minecraft:oak_slab":9,"create:mechanical_saw":5,"minecraft:book":159,"paladins:iron_claymore":2,"minecraft:pumpkin":26,"minecraft:dandelion":1,"minecraft:gravel":8,"culturaldelights:cucumber":2,"magistuarmory:rustednorman_helmet":2,"minecraft:leather_helmet":1,"minecraft:slime_ball":1,"minecraft:stone_axe":2,"minecraft:chainmail_leggings":1,"minecraft:coal":115},"minecraft:custom":{"minecraft:interact_with_crafting_table":66,"minecraft:open_barrel":20,"minecraft:leave_game":12,"minecraft:time_since_death":309498,"minecraft:sprint_one_cm":976427,"minecraft:drop":52,"minecraft:talked_to_villager":2,"minecraft:play_time":429230,"minecraft:deaths":3,"minecraft:jump":5227,"minecraft:walk_on_water_one_cm":25946,"minecraft:interact_with_furnace":68,"minecraft:traded_with_villager":2,"minecraft:sleep_in_bed":7,"minecraft:damage_dealt":10108,"minecraft:player_kills":1,"minecraft:crouch_one_cm":96617,"minecraft:mob_kills":52,"minecraft:interact_with_campfire":3,"minecraft:climb_one_cm":12491,"minecraft:walk_one_cm":453810,"minecraft:sneak_time":31217,"minecraft:walk_under_water_one_cm":8906,"minecraft:total_world_time":429230,"minecraft:time_since_rest":37302,"minecraft:damage_taken":3021,"minecraft:swim_one_cm":47862,"minecraft:fly_one_cm":1304898,"minecraft:open_chest":129,"minecraft:fall_one_cm":137279},"minecraft:used":{"minecraft:beetroot":1,"minecraft:iron_shovel":653,"minecraft:ladder":3,"minecraft:chest":5,"minecraft:iron_chestplate":1,"naturalist:cooked_venison":1,"minecraft:mutton":1,"create:cogwheel":5,"minecraft:carrot":65,"create:depot":3,"wildlife:raw_koi":1,"minecraft:grass_block":24,"paladins:iron_claymore":132,"wildlife:starfish":1,"minecraft:bedrock":93,"minecraft:snow":6,"farmersdelight:cutting_board":1,"create:shaft":6,"minecraft:oak_sapling":1,"minecraft:furnace":3,"minecraft:egg":2,"minecraft:cow_spawn_egg":3,"minecraft:birch_leaves":8,"minecraft:stone_pickaxe":2,"minecraft:oak_planks":177,"minecraft:wooden_pickaxe":10,"minecraft:chainmail_helmet":4,"farmersdelight:pumpkin_slice":47,"create:mechanical_saw":5,"minecraft:oak_leaves":31,"minecraft:white_wool":2,"minecraft:sand":30,"minecraft:crossbow":1,"minecraft:bread":28,"create:andesite_casing":3,"minecraft:gravel":8,"minecraft:andesite":10,"create:large_cogwheel":5,"minecraft:oak_fence":7,"minecraft:stone_shovel":134,"minecraft:cooked_salmon":2,"minecraft:stone_hoe":36,"minecraft:oak_door":4,"minecraft:torch":14,"minecraft:dirt":190,"minecraft:granite":14,"minecraft:oak_fence_gate":2,"dehydration:campfire_cauldron":2,"create:gearbox":1,"minecraft:iron_axe":164,"minecraft:oak_stairs":14,"mozombies_wave:disco_glasses":3,"minecraft:cobbled_deepslate":5,"create:belt_connector":2,"minecraft:cooked_mutton":1,"minecraft:water_bucket":17,"minecraft:snow_block":11,"minecraft:glass_bottle":90,"minecraft:oak_slab":15,"minecraft:crafting_table":5,"minecraft:campfire":2,"minecraft:oak_log":65,"create:mechanical_press":5,"minecraft:suspicious_stew":5,"minecraft:iron_pickaxe":521,"create:water_wheel":4,"minecraft:leather_helmet":1,"minecraft:stone_axe":236,"minecraft:cobblestone":53,"minecraft:potion":167,"minecraft:cooked_porkchop":3,"minecraft:bucket":48,"minecraft:glass_pane":25,"create:hand_crank":5,"minecraft:stripped_oak_log":1,"minecraft:dandelion":1},"minecraft:broken":{"minecraft:iron_shovel":3,"minecraft:stone_axe":1,"minecraft:stone_shovel":1,"minecraft:iron_pickaxe":2,"magistuarmory:rustednorman_helmet":1},"minecraft:dropped":{"wildlife:raw_koi":1,"naturalist:antler":1,"farmersdelight:pumpkin_slice":4,"create:cogwheel":1,"minecraft:saddle":1,"minecraft:mossy_cobblestone_wall":1,"minecraft:dirt":1,"epicsamurai:jade":1,"farmersdelight:onion":1,"minecraft:sand":4,"minecraft:rotten_flesh":4,"minecraft:cooked_mutton":4,"minecraft:beef":2,"create:andesite_alloy":1,"minecraft:bread":17,"minecraft:iron_ingot":1,"minecraft:wheat_seeds":2,"minecraft:mossy_cobblestone":1,"minecraft:spruce_stairs":2,"minecraft:stick":2,"minecraft:mud":1,"minecraft:redstone":1,"minecraft:bowl":4,"magistuarmory:rusted_heavymace":1,"minecraft:andesite":2,"minecraft:stone_pickaxe":1},"minecraft:mined":{"create:andesite_casing":7,"minecraft:granite":14,"epicsamurai:silver_ore":1,"minecraft:grass_block":539,"minecraft:infested_cobblestone":2,"minecraft:spawner":2,"minecraft:tall_seagrass":1,"minecraft:iron_ore":48,"minecraft:pumpkin":25,"minecraft:dirt_path":3,"minecraft:oak_stairs":10,"epicsamurai:deepslate_silver_ore":12,"betterarcheology:loot_vase":1,"create:mechanical_press":4,"create:cogwheel":4,"minecraft:kelp_plant":24,"minecraft:torch":1,"minecraft:mossy_cobblestone_wall":1,"minecraft:chest":1,"galosphere:silver_ore":7,"minecraft:cobblestone":11,"minecraft:sugar_cane":5,"minecraft:oak_planks":64,"minecraft:wall_torch":3,"minecraft:skeleton_skull":1,"minecraft:mud":1,"minecraft:birch_log":17,"epicsamurai:aquamarine_ore":1,"minecraft:grass":44,"minecraft:oak_log":147,"minecraft:sand":52,"minecraft:dirt":220,"minecraft:oak_leaves":153,"minecraft:deepslate":40,"create:zinc_ore":27,"minecraft:mossy_cobblestone":3,"minecraft:oak_door":2,"farmersdelight:wild_carrots":14,"create:large_cogwheel":5,"create:depot":2,"minecraft:kelp":1,"farmersdelight:wild_onions":5,"create:shaft":5,"minecraft:carrots":18,"minecraft:andesite":88,"culturaldelights:wild_cucumbers":6,"minecraft:bookshelf":26,"minecraft:deepslate_iron_ore":7,"expandeddelight:wild_asparagus":18,"minecraft:stripped_oak_log":1,"minecraft:stone":150,"minecraft:oak_slab":9,"epicsamurai:jade_ore":5,"galosphere:deepslate_silver_ore":10,"minecraft:crafting_table":2,"minecraft:rose_bush":2,"create:water_wheel":3,"minecraft:campfire":2,"minecraft:tall_grass":1,"minecraft:copper_ore":24,"create:mechanical_saw":5,"supplementaries:urn":4,"minecraft:spruce_stairs":1,"farmersdelight:wild_beetroots":9,"minecraft:birch_planks":13,"minecraft:coarse_dirt":2,"minecraft:beehive":4,"minecraft:birch_leaves":16,"minecraft:coal_ore":56,"minecraft:dark_oak_button":12,"minecraft:gravel":9,"minecraft:gold_ore":6},"minecraft:crafted":{"minecraft:oak_planks":204,"naturalist:cooked_venison":1,"minecraft:cooked_mutton":6,"minecraft:glass":15,"create:mechanical_press":1,"minecraft:chest":4,"minecraft:stone_hoe":1,"create:cogwheel":6,"minecraft:glass_bottle":3,"create:depot":1,"minecraft:oak_slab":6,"magistuarmory:duck_decoration":1,"minecraft:crafting_table":3,"create:mechanical_saw":1,"farmersdelight:flint_knife":1,"minecraft:wooden_pickaxe":1,"minecraft:pumpkin_seeds":4,"minecraft:campfire":2,"create:gearbox":1,"farmersdelight:cutting_board":1,"create:water_wheel":1,"minecraft:stick":20,"minecraft:iron_pickaxe":3,"minecraft:iron_ingot":55,"minecraft:iron_block":1,"create:large_cogwheel":1,"minecraft:oak_door":3,"minecraft:stone_shovel":2,"minecraft:iron_nugget":27,"minecraft:furnace":3,"minecraft:glass_pane":16,"magistuarmory:demon_horns_decoration":1,"minecraft:iron_axe":1,"minecraft:stone_pickaxe":1,"minecraft:dark_oak_planks":20,"create:belt_connector":3,"create:andesite_alloy":13,"create:hand_crank":1,"minecraft:dried_kelp":16,"minecraft:bucket":1,"minecraft:stone_axe":1,"minecraft:air":0,"minecraft:oak_stairs":4,"minecraft:iron_shovel":3,"create:shaft":16,"minecraft:torch":16,"create:zinc_ingot":21},"minecraft:killed":{"mozombies_wave:zombie_king":1,"mozombies_wave:zombie_chef":3,"minecraft:spider":1,"naturalist:boar":1,"minecraft:skeleton":4,"minecraft:silverfish":1,"mozombies_wave:disco_zombie":1,"naturalist:snake":1,"minecraft:creeper":4,"minecraft:sheep":2,"minecraft:trader_llama":2,"minecraft:zombie":16,"mozombies_wave:zombie_dwarf":1,"wildlife:porcupine":1,"minecraft:cow":1,"minecraft:phantom":2,"mozombies_wave:zombie_pa":1,"naturalist:deer":2,"mozombies_wave:zombie_cyborg":3,"wildlife:seaurchin":1,"minecraft:rabbit":1,"wildlife:starfish":1,"naturalist:sparrow":1,"minecraft:player":1}},"DataVersion":3465}