{"stats":{"minecraft:used":{"minecraft:glass_bottle":35,"minecraft:stone_shovel":43,"minecraft:stone_pickaxe":38,"minecraft:oak_planks":234,"minecraft:chest":2,"minecraft:wooden_pickaxe":42,"minecraft:dirt":28,"minecraft:sand":17,"minecraft:terracotta":3,"minecraft:crafting_table":4,"minecraft:granite":4,"minecraft:oak_log":24,"minecraft:oak_stairs":35,"minecraft:bread":11,"paladins:iron_great_hammer":1,"minecraft:stone_axe":279,"minecraft:cobblestone":14,"minecraft:potion":27,"minecraft:andesite":4},"minecraft:killed":{"minecraft:skeleton":6,"mozombies_wave:zombie_pa":1,"minecraft:zombie":1},"minecraft:mined":{"minecraft:crafting_table":3,"minecraft:granite":4,"minecraft:grass_block":38,"minecraft:rose_bush":1,"minecraft:cobblestone":14,"minecraft:oak_planks":78,"minecraft:sugar_cane":1,"minecraft:coarse_dirt":2,"minecraft:birch_log":16,"minecraft:lilac":1,"minecraft:andesite":4,"minecraft:birch_leaves":2,"minecraft:grass":16,"minecraft:oak_log":111,"minecraft:oak_stairs":33,"minecraft:sand":4,"minecraft:dirt":20,"minecraft:stripped_oak_log":1,"minecraft:terracotta":3,"minecraft:stone":37,"minecraft:oak_leaves":65},"minecraft:dropped":{"minecraft:stone_axe":1,"minecraft:wooden_pickaxe":1},"minecraft:broken":{"minecraft:stone_axe":1},"minecraft:custom":{"minecraft:interact_with_furnace":6,"minecraft:mob_kills":10,"minecraft:interact_with_crafting_table":14,"minecraft:leave_game":4,"minecraft:time_since_death":32929,"minecraft:sleep_in_bed":4,"minecraft:climb_one_cm":2010,"minecraft:time_since_rest":9792,"minecraft:sprint_one_cm":165629,"minecraft:damage_taken":2500,"minecraft:walk_one_cm":110260,"minecraft:drop":2,"minecraft:damage_dealt":2345,"minecraft:swim_one_cm":15722,"minecraft:fly_one_cm":146367,"minecraft:open_chest":11,"minecraft:crouch_one_cm":16984,"minecraft:play_time":54048,"minecraft:deaths":7,"minecraft:sneak_time":7536,"minecraft:walk_under_water_one_cm":777,"minecraft:jump":1065,"minecraft:walk_on_water_one_cm":3685,"minecraft:total_world_time":54048,"minecraft:fall_one_cm":33627},"minecraft:crafted":{"minecraft:glass_bottle":3,"minecraft:oak_planks":348,"minecraft:stone_shovel":1,"minecraft:crafting_table":2,"minecraft:wooden_pickaxe":3,"minecraft:stone_axe":4,"minecraft:air":0,"minecraft:oak_boat":1,"minecraft:glass":3,"minecraft:stick":24,"minecraft:stone_pickaxe":3,"minecraft:oak_stairs":24,"minecraft:chest":2},"minecraft:picked_up":{"minecraft:stripped_oak_log":1,"minecraft:birch_log":16,"minecraft:coarse_dirt":2,"minecraft:crafting_table":5,"minecraft:lilac":2,"minecraft:andesite":4,"minecraft:leather":2,"minecraft:wooden_pickaxe":2,"minecraft:oak_stairs":33,"minecraft:oak_log":110,"minecraft:dirt":60,"minecraft:bone":11,"minecraft:apple":3,"minecraft:wheat_seeds":3,"minecraft:beef":2,"minecraft:stone_pickaxe":2,"minecraft:oak_boat":1,"minecraft:rose_bush":2,"minecraft:sugar_cane":3,"minecraft:birch_sapling":5,"minecraft:oak_planks":121,"minecraft:iron_boots":1,"minecraft:stick":22,"minecraft:sand":21,"minecraft:redstone":3,"minecraft:leather_helmet":1,"minecraft:arrow":11,"minecraft:rotten_flesh":2,"minecraft:stone_axe":3,"minecraft:granite":4,"minecraft:bread":9,"minecraft:terracotta":8,"minecraft:oak_sapling":28,"minecraft:coal":6,"minecraft:cobblestone":46},"minecraft:killed_by":{"minecraft:player":1,"mozombies_wave:zombie_cyborg":1,"minecraft:skeleton":1,"minecraft:zombie":2}},"DataVersion":3465}