{"stats":{"minecraft:picked_up":{"minecraft:crafting_table":12,"minecraft:coarse_dirt":1,"minecraft:allium":11,"minecraft:chicken":1,"minecraft:potion":3,"minecraft:string":1,"minecraft:raw_copper":193,"culturaldelights:cucumber_seeds":20,"minecraft:iron_leggings":1,"minecraft:iron_shovel":1,"minecraft:blue_orchid":1,"minecraft:gold_nugget":2,"minecraft:beef":3,"minecraft:iron_nugget":21,"minecraft:iron_pickaxe":2,"minecraft:light_gray_wool":1,"minecraft:birch_sapling":14,"minecraft:iron_boots":1,"minecraft:furnace":9,"minecraft:stick":25,"minecraft:raw_iron":50,"minecraft:oak_door":2,"minecraft:copper_ingot":25,"minecraft:torch":11,"minecraft:porkchop":29,"paladins:paladin_armor_head":2,"minecraft:diorite":3,"minecraft:carrot":16,"minecraft:dark_oak_planks":2,"minecraft:stone_sword":1,"minecraft:arrow":4,"minecraft:rotten_flesh":7,"minecraft:cooked_cod":4,"expandeddelight:asparagus":27,"minecraft:beetroot_seeds":3,"farmersdelight:onion":7,"minecraft:gold_ingot":10,"minecraft:mutton":27,"minecraft:white_wool":29,"minecraft:cobblestone":97,"minecraft:birch_log":14,"minecraft:feather":1,"minecraft:andesite":28,"minecraft:leather":17,"paladins:paladin_armor_legs":3,"minecraft:filled_map":1,"minecraft:birch_planks":44,"create:raw_zinc":160,"minecraft:oak_log":151,"minecraft:gunpowder":1,"minecraft:lapis_lazuli":5,"paladins:paladin_armor_chest":3,"minecraft:dirt":23,"minecraft:bone":21,"minecraft:apple":12,"minecraft:wheat_seeds":6,"minecraft:iron_ingot":19,"minecraft:stone_pickaxe":4,"minecraft:glass_bottle":6,"galosphere:raw_silver":105,"epicsamurai:raw_silver":132,"minecraft:iron_sword":2,"minecraft:oak_planks":9,"minecraft:dark_oak_stairs":2,"minecraft:cooked_porkchop":3,"minecraft:gravel":2,"minecraft:sand":6,"minecraft:spider_eye":1,"minecraft:oak_wood":4,"paladins:paladin_armor_feet":3,"minecraft:granite":5,"minecraft:bread":6,"minecraft:oak_sapling":57,"minecraft:black_wool":2,"minecraft:coal":520,"minecraft:ender_pearl":4},"minecraft:killed":{"minecraft:spider":1,"naturalist:boar":3,"naturalist:snail":1,"minecraft:horse":3,"minecraft:skeleton":3,"minecraft:chicken":1,"mozombies_wave:zombie_pirate":2,"minecraft:pig":4,"naturalist:firefly":1,"naturalist:butterfly":1,"minecraft:rabbit":1,"minecraft:creeper":1,"minecraft:sheep":14,"minecraft:zombie":6,"minecraft:donkey":1,"minecraft:cow":1},"minecraft:mined":{"create:zinc_ore":41,"farmersdelight:wild_carrots":14,"minecraft:granite":5,"minecraft:grass_block":5,"epicsamurai:silver_ore":33,"minecraft:spawner":1,"farmersdelight:wild_onions":14,"minecraft:tall_seagrass":6,"minecraft:furnace":3,"minecraft:iron_ore":44,"minecraft:andesite":7,"culturaldelights:wild_cucumbers":5,"minecraft:peony":1,"expandeddelight:wild_asparagus":24,"minecraft:stone":98,"minecraft:white_wool":1,"minecraft:cyan_terracotta":1,"minecraft:crafting_table":8,"minecraft:torch":3,"minecraft:oak_wood":3,"galosphere:silver_ore":35,"minecraft:tall_grass":5,"minecraft:copper_ore":14,"minecraft:oak_planks":1,"minecraft:diorite":3,"minecraft:wall_torch":2,"farmersdelight:wild_beetroots":3,"minecraft:birch_planks":1,"farmersdelight:sandy_shrub":6,"minecraft:coarse_dirt":1,"betterarcheology:fossiliferous_dirt":1,"minecraft:birch_log":14,"minecraft:birch_leaves":1,"minecraft:grass":56,"minecraft:oak_log":90,"minecraft:coal_ore":180,"minecraft:sand":6,"minecraft:dirt":20,"minecraft:oak_leaves":76},"minecraft:broken":{"minecraft:stone_axe":1,"minecraft:iron_pickaxe":1},"minecraft:custom":{"minecraft:mob_kills":44,"minecraft:interact_with_crafting_table":40,"minecraft:open_barrel":7,"minecraft:leave_game":3,"minecraft:time_since_death":34528,"minecraft:climb_one_cm":7513,"minecraft:sprint_one_cm":360961,"minecraft:walk_one_cm":539470,"minecraft:damage_blocked_by_shield":90,"minecraft:drop":40,"minecraft:talked_to_villager":2,"minecraft:play_time":154703,"minecraft:walk_under_water_one_cm":5008,"minecraft:deaths":11,"minecraft:sneak_time":1429,"minecraft:jump":3535,"minecraft:walk_on_water_one_cm":3802,"minecraft:total_world_time":154703,"minecraft:interact_with_furnace":40,"minecraft:traded_with_villager":1,"minecraft:sleep_in_bed":6,"minecraft:time_since_rest":34593,"minecraft:damage_taken":4055,"minecraft:damage_dealt":7238,"minecraft:swim_one_cm":23052,"minecraft:fly_one_cm":521965,"minecraft:open_chest":51,"minecraft:crouch_one_cm":3036,"minecraft:fall_one_cm":78041},"minecraft:used":{"minecraft:stone_sword":44,"wildlife:cooked_catfish":1,"minecraft:shield":2,"minecraft:iron_sword":20,"expandeddelight:asparagus":18,"minecraft:cooked_salmon":1,"minecraft:oak_door":2,"naturalist:cooked_venison":2,"minecraft:torch":53,"minecraft:dirt":30,"minecraft:chainmail_chestplate":1,"paladins:paladin_armor_legs":1,"minecraft:carrot":4,"minecraft:granite":1,"dehydration:campfire_cauldron":1,"dehydration:leather_flask":23,"minecraft:dark_oak_button":12,"paladins:paladin_armor_head":1,"minecraft:golden_carrot":2,"minecraft:furnace":4,"minecraft:cooked_cod":2,"minecraft:diorite":3,"minecraft:birch_planks":73,"minecraft:glass_bottle":48,"minecraft:stone_pickaxe":171,"minecraft:oak_planks":31,"minecraft:wooden_pickaxe":74,"farmersdelight:pumpkin_slice":2,"minecraft:white_wool":1,"minecraft:crafting_table":8,"minecraft:crossbow":1,"minecraft:campfire":1,"minecraft:oak_log":1,"minecraft:apple":4,"minecraft:bread":5,"minecraft:iron_pickaxe":260,"paladins:iron_great_hammer":53,"minecraft:stone_axe":168,"minecraft:cobblestone":16,"minecraft:potion":34,"minecraft:cooked_porkchop":4,"minecraft:coarse_dirt":1,"minecraft:experience_bottle":9},"minecraft:dropped":{"minecraft:dark_oak_stairs":1,"minecraft:wheat_seeds":1,"paladins:paladin_armor_head":1,"minecraft:emerald":3,"minecraft:cooked_cod":2,"minecraft:dark_oak_planks":1,"expandeddelight:asparagus":3,"minecraft:oak_planks":23,"dehydration:leather_flask":1,"minecraft:filled_map":2,"minecraft:beetroot_seeds":3,"minecraft:blue_orchid":1,"minecraft:wooden_pickaxe":1,"minecraft:stone_pickaxe":1},"minecraft:killed_by":{"minecraft:creeper":3,"mozombies_wave:zombie_chef":1,"minecraft:skeleton":4,"minecraft:zombie":1,"mozombies_wave:disco_zombie":1},"minecraft:crafted":{"minecraft:oak_planks":216,"paladins:paladin_armor_feet":1,"naturalist:cooked_venison":2,"minecraft:iron_nugget":9,"minecraft:chain":1,"minecraft:furnace":5,"dehydration:golden_leather_flask":1,"dehydration:leather_flask":2,"dehydration:campfire_cauldron":1,"magistuarmory:demon_horns_decoration":1,"minecraft:glass":6,"paladins:paladin_armor_chest":1,"paladins:paladin_armor_legs":1,"minecraft:stone_pickaxe":4,"paladins:paladin_armor_head":2,"minecraft:cooked_beef":3,"minecraft:glass_bottle":6,"minecraft:cooked_porkchop":5,"minecraft:crafting_table":3,"minecraft:wooden_pickaxe":3,"dehydration:iron_leather_flask":1,"minecraft:copper_ingot":22,"minecraft:birch_planks":104,"minecraft:dark_oak_button":12,"minecraft:campfire":1,"minecraft:stone_axe":3,"minecraft:air":0,"dehydration:copper_cauldron":1,"minecraft:shield":3,"minecraft:stick":64,"minecraft:iron_ingot":42,"minecraft:iron_pickaxe":2,"minecraft:stone_sword":1,"minecraft:torch":64}},"DataVersion":3465}