{"stats":{"minecraft:broken":{"minecraft:stone_pickaxe":2,"minecraft:golden_sword":1,"minecraft:stone_axe":2,"magistuarmory:corruptedroundshield":1,"magistuarmory:rustedgreathelm":1,"minecraft:iron_axe":1,"magistuarmory:rusted_bastardsword":1},"minecraft:mined":{"create:deepslate_zinc_ore":14,"minecraft:granite":4,"dehydration:copper_cauldron":3,"minecraft:grass_block":4,"epicsamurai:deepslate_jade_ore":1,"minecraft:magma_block":1,"supplementaries:sign_post":2,"minecraft:cobbled_deepslate":1,"minecraft:barrel":1,"minecraft:iron_ore":58,"supplementaries:stick":3,"epicsamurai:deepslate_silver_ore":2,"minecraft:red_bed":1,"minecraft:kelp_plant":7,"minecraft:poppy":1,"minecraft:chest":3,"galosphere:silver_ore":9,"minecraft:cobblestone":6,"minecraft:sugar_cane":1,"minecraft:oak_planks":35,"minecraft:bricks":2,"minecraft:wall_torch":3,"farmersdelight:sandy_shrub":1,"minecraft:birch_log":12,"farmersdelight:cutting_board":4,"minecraft:jukebox":1,"betterarcheology:rotten_planks":1,"minecraft:grass":60,"minecraft:oak_log":68,"minecraft:sand":1,"minecraft:dirt":8,"minecraft:oak_leaves":51,"minecraft:deepslate":9,"minecraft:suspicious_gravel":4,"create:zinc_ore":17,"minecraft:oak_door":1,"farmersdelight:wild_carrots":1,"create:large_cogwheel":1,"minecraft:kelp":7,"minecraft:andesite":92,"culturaldelights:wild_cucumbers":3,"minecraft:deepslate_iron_ore":1,"expandeddelight:wild_asparagus":1,"minecraft:stone":152,"minecraft:white_wool":2,"minecraft:oak_slab":33,"epicsamurai:jade_ore":6,"galosphere:deepslate_silver_ore":8,"minecraft:crafting_table":2,"supplementaries:item_shelf":2,"minecraft:campfire":2,"minecraft:tall_grass":2,"minecraft:copper_ore":9,"minecraft:deepslate_gold_ore":2,"minecraft:diorite":2,"supplementaries:urn":1,"farmersdelight:wild_beetroots":2,"minecraft:birch_planks":8,"minecraft:coal_ore":18,"minecraft:gravel":14,"minecraft:cracked_stone_bricks":2,"minecraft:terracotta":4,"minecraft:stone_bricks":9,"minecraft:gold_ore":6,"minecraft:mossy_stone_bricks":1},"minecraft:killed_by":{"mozombies_wave:zombie_pirate":1,"minecraft:zombie":1,"minecraft:player":1,"minecraft:skeleton":7},"minecraft:crafted":{"minecraft:oak_planks":176,"minecraft:cobblestone_slab":6,"minecraft:oak_sign":3,"magistuarmory:silver_concavehalberd":1,"minecraft:chain":1,"wildlife:cooked_stingray":1,"minecraft:stone":3,"naturalist:cooked_bass":1,"minecraft:cooked_mutton":1,"wildlife:cooked_clam":1,"minecraft:chest":4,"minecraft:oak_button":1,"galosphere:silver_ingot":4,"magistuarmory:pole":1,"minecraft:oak_slab":66,"wildlife:cooked_catfish":2,"wildlife:cooked_bluegill":9,"minecraft:crafting_table":4,"minecraft:wooden_pickaxe":1,"minecraft:copper_ingot":7,"supplementaries:sign_post_oak":2,"minecraft:birch_planks":36,"minecraft:campfire":3,"farmersdelight:cutting_board":1,"dehydration:copper_cauldron":1,"minecraft:charcoal":2,"minecraft:shield":1,"minecraft:stick":36,"minecraft:iron_pickaxe":1,"minecraft:iron_ingot":49,"minecraft:iron_block":3,"minecraft:gold_ingot":4,"wildlife:cooked_rainbow_trout":2,"magistuarmory:leather_strip":6,"minecraft:wooden_sword":1,"minecraft:oak_door":3,"minecraft:iron_nugget":9,"minecraft:furnace":2,"dehydration:golden_leather_flask":1,"minecraft:bone_meal":12,"dehydration:campfire_cauldron":1,"magistuarmory:hilt":2,"minecraft:ladder":6,"minecraft:stone_pickaxe":2,"wildlife:cooked_koi":3,"minecraft:cooked_beef":2,"minecraft:red_dye":1,"minecraft:cooked_cod":2,"supplementaries:item_shelf":4,"minecraft:dried_kelp":16,"wildlife:cooked_shrimp":2,"minecraft:red_bed":1,"dehydration:iron_leather_flask":1,"minecraft:cooked_salmon":2,"minecraft:bucket":1,"minecraft:stone_axe":1,"minecraft:bread":2,"minecraft:air":0,"minecraft:oak_fence_gate":1,"minecraft:oak_boat":1,"minecraft:stonecutter":1,"minecraft:anvil":1,"minecraft:white_bed":1,"minecraft:torch":48,"create:zinc_ingot":31},"minecraft:picked_up":{"minecraft:iron_chestplate":8,"minecraft:wheat":22,"minecraft:lead":2,"minecraft:enchanted_book":1,"minecraft:potion":15,"magistuarmory:barding":9,"minecraft:golden_sword":2,"farmersdelight:cutting_board":8,"minecraft:string":1,"minecraft:raw_copper":33,"minecraft:cooked_salmon":3,"minecraft:iron_leggings":7,"minecraft:pufferfish":14,"minecraft:experience_bottle":48,"minecraft:oak_sign":5,"minecraft:gold_nugget":6,"minecraft:cobbled_deepslate":10,"dehydration:copper_cauldron":3,"minecraft:iron_pickaxe":2,"paladins:iron_great_hammer":1,"minecraft:iron_boots":11,"minecraft:stick":80,"minecraft:jukebox":1,"minecraft:torch":5,"wildlife:raw_prawn":1,"minecraft:porkchop":2,"magistuarmory:rusted_heavymace":2,"paladins:paladin_armor_head":3,"wildlife:raw_rainbow_trout":4,"create:large_cogwheel":1,"minecraft:rotten_flesh":50,"minecraft:tropical_fish":2,"minecraft:obsidian":28,"minecraft:cod":8,"minecraft:cobblestone":169,"minecraft:birch_log":19,"wildlife:raw_clam":2,"minecraft:magma_block":1,"minecraft:cooked_beef":6,"minecraft:water_bucket":1,"minecraft:andesite":154,"paladins:paladin_armor_legs":4,"supplementaries:item_shelf":2,"create:raw_zinc":31,"supplementaries:flax_seeds":12,"wildlife:cooked_stingray":1,"minecraft:dirt":107,"culturaldelights:glow_squid":2,"minecraft:leather_boots":2,"minecraft:bone":37,"dehydration:iron_leather_flask":1,"minecraft:bow":4,"minecraft:wheat_seeds":37,"minecraft:raw_gold":8,"farmersdelight:pumpkin_slice":95,"minecraft:rabbit":1,"minecraft:mossy_stone_bricks":1,"galosphere:raw_silver":17,"epicsamurai:raw_silver":4,"minecraft:honeycomb":14,"minecraft:oak_planks":266,"minecraft:cooked_porkchop":2,"minecraft:sand":18,"minecraft:ink_sac":20,"magistuarmory:rustedgreathelm":2,"minecraft:barrel":1,"farmersdelight:cooked_mutton_chops":2,"galosphere:silver_nugget":2,"wildlife:raw_stingray":2,"naturalist:antler":1,"magistuarmory:corruptedroundshield":4,"minecraft:crossbow":4,"minecraft:granite":3,"minecraft:bone_meal":10,"minecraft:bread":58,"minecraft:emerald":45,"minecraft:oak_sapling":42,"minecraft:bricks":2,"minecraft:fishing_rod":2,"minecraft:charcoal":5,"minecraft:crafting_table":3,"minecraft:ladder":1,"minecraft:wooden_pickaxe":1,"minecraft:shield":1,"minecraft:red_bed":1,"minecraft:iron_axe":1,"culturaldelights:cucumber_seeds":27,"epicsamurai:jade":8,"wildlife:raw_shrimp":2,"minecraft:cracked_stone_bricks":1,"minecraft:beef":9,"minecraft:poppy":1,"minecraft:chest":4,"minecraft:sugar_cane":35,"minecraft:birch_sapling":9,"wildlife:raw_koi":4,"minecraft:phantom_membrane":2,"minecraft:egg":1,"minecraft:raw_iron":59,"minecraft:oak_door":1,"minecraft:bowl":7,"dehydration:campfire_cauldron":1,"minecraft:carrot":4,"minecraft:redstone":3,"minecraft:iron_horse_armor":4,"minecraft:dark_oak_planks":12,"supplementaries:sign_post_oak":3,"wildlife:raw_catfish":3,"minecraft:cooked_cod":3,"minecraft:arrow":192,"expandeddelight:asparagus":34,"minecraft:beetroot_seeds":28,"minecraft:saddle":5,"minecraft:gold_ingot":33,"minecraft:mutton":8,"minecraft:white_wool":4,"wildlife:raw_bluegill":14,"minecraft:glow_ink_sac":4,"minecraft:salmon":8,"minecraft:leather":14,"minecraft:filled_map":5,"minecraft:birch_planks":11,"minecraft:oak_log":81,"minecraft:lily_pad":1,"minecraft:gunpowder":22,"farmersdelight:flint_knife":1,"naturalist:glow_goop":1,"minecraft:cooked_mutton":6,"naturalist:bass":1,"minecraft:apple":29,"minecraft:stone_bricks":17,"minecraft:kelp":31,"minecraft:iron_ingot":21,"minecraft:stone_pickaxe":6,"dehydration:leather_flask":1,"minecraft:glass_bottle":3,"minecraft:iron_sword":4,"minecraft:oak_slab":36,"paladins:iron_claymore":1,"minecraft:gravel":12,"culturaldelights:cucumber":17,"paladins:paladin_armor_feet":4,"minecraft:stone_axe":7,"minecraft:campfire":1,"magistuarmory:rusted_bastardsword":3,"magistuarmory:rustedcrusader_boots":4,"minecraft:terracotta":4,"minecraft:coal":26},"minecraft:dropped":{"minecraft:leather":2,"wildlife:cooked_koi":2,"minecraft:sand":1,"minecraft:iron_pickaxe":1,"minecraft:white_wool":1,"minecraft:oak_door":2,"minecraft:gravel":2,"minecraft:stone_axe":1,"minecraft:oak_planks":37,"minecraft:beetroot_seeds":5,"minecraft:iron_ingot":1,"minecraft:bread":10,"minecraft:rabbit":1,"minecraft:potion":3,"minecraft:iron_leggings":1,"minecraft:redstone":1,"minecraft:iron_boots":1,"minecraft:mossy_stone_bricks":1,"minecraft:oak_sapling":1,"minecraft:stone_bricks":1},"minecraft:killed":{"mozombies_wave:zombie_chef":6,"minecraft:skeleton":7,"minecraft:zombie_villager":2,"naturalist:firefly":2,"naturalist:snake":2,"minecraft:salmon":2,"minecraft:creeper":4,"mozombies_wave:zombie_miner":2,"minecraft:sheep":2,"minecraft:trader_llama":2,"minecraft:pillager":2,"minecraft:zombie":22,"wildlife:sparrow":1,"minecraft:cow":2,"wildlife:sunflowerbeetle":3,"minecraft:phantom":2,"naturalist:bass":2,"mozombies_wave:zombie_cyborg":1,"mozombies_wave:zombie_pirate":2,"minecraft:rabbit":2,"minecraft:wandering_trader":2,"wildlife:monarch_butterfly":1,"naturalist:finch":1,"naturalist:sparrow":1,"minecraft:player":1},"minecraft:used":{"magistuarmory:rusted_heavymace":33,"minecraft:ladder":7,"minecraft:oak_sign":2,"minecraft:chest":7,"minecraft:shield":18,"minecraft:iron_sword":2,"minecraft:rotten_flesh":14,"minecraft:iron_chestplate":3,"naturalist:cooked_bass":1,"wildlife:cooked_koi":1,"minecraft:obsidian":7,"wildlife:cooked_rainbow_trout":3,"minecraft:birch_sapling":1,"paladins:iron_claymore":4,"wildlife:raw_catfish":1,"paladins:paladin_armor_head":1,"minecraft:stone_bricks":2,"minecraft:golden_sword":2,"farmersdelight:cutting_board":6,"minecraft:magma_block":1,"minecraft:bow":40,"minecraft:oak_sapling":1,"minecraft:furnace":2,"minecraft:cooked_cod":4,"magistuarmory:rusted_bastardsword":44,"supplementaries:sign_post_oak":4,"minecraft:stone_pickaxe":282,"minecraft:oak_planks":84,"minecraft:wooden_pickaxe":23,"farmersdelight:pumpkin_slice":4,"wildlife:cooked_shrimp":1,"minecraft:crossbow":6,"magistuarmory:rustedgreathelm":1,"paladins:paladin_armor_feet":1,"minecraft:bread":21,"minecraft:pufferfish":1,"minecraft:wooden_sword":21,"minecraft:andesite":13,"minecraft:air":2,"minecraft:bone_meal":7,"create:large_cogwheel":1,"dehydration:golden_leather_flask":9,"minecraft:tropical_fish":2,"wildlife:cooked_catfish":2,"minecraft:dried_kelp":10,"minecraft:cooked_salmon":5,"minecraft:oak_door":2,"minecraft:stick":8,"minecraft:torch":53,"minecraft:dirt":26,"minecraft:anvil":1,"farmersdelight:flint_knife":9,"paladins:paladin_armor_legs":1,"minecraft:granite":3,"supplementaries:item_shelf":6,"minecraft:oak_fence_gate":1,"dehydration:campfire_cauldron":2,"minecraft:iron_axe":6,"dehydration:leather_flask":3,"magistuarmory:silver_concavehalberd":11,"wildlife:cooked_bluegill":11,"magistuarmory:rustedcrusader_boots":2,"minecraft:cooked_beef":2,"minecraft:cobbled_deepslate":10,"minecraft:iron_leggings":2,"minecraft:cooked_mutton":5,"minecraft:water_bucket":32,"dehydration:copper_cauldron":3,"minecraft:birch_planks":35,"minecraft:glass_bottle":47,"dehydration:iron_leather_flask":21,"minecraft:stonecutter":1,"minecraft:cobblestone_slab":6,"minecraft:oak_slab":92,"minecraft:crafting_table":6,"minecraft:red_bed":2,"minecraft:campfire":3,"minecraft:oak_log":10,"minecraft:apple":2,"minecraft:iron_pickaxe":171,"minecraft:stone_axe":223,"minecraft:fishing_rod":111,"minecraft:cobblestone":94,"minecraft:potion":58,"minecraft:bucket":45},"minecraft:custom":{"minecraft:interact_with_crafting_table":67,"minecraft:open_barrel":4,"minecraft:leave_game":8,"minecraft:time_since_death":45508,"minecraft:sprint_one_cm":681697,"minecraft:damage_blocked_by_shield":495,"minecraft:drop":26,"minecraft:talked_to_villager":1,"minecraft:play_time":342390,"minecraft:deaths":14,"minecraft:jump":5601,"minecraft:walk_on_water_one_cm":48742,"minecraft:interact_with_furnace":106,"minecraft:sleep_in_bed":4,"minecraft:damage_dealt":8716,"minecraft:player_kills":1,"minecraft:crouch_one_cm":125191,"minecraft:use_cauldron":3,"minecraft:interact_with_anvil":1,"minecraft:mob_kills":77,"minecraft:fill_cauldron":1,"minecraft:interact_with_campfire":18,"minecraft:climb_one_cm":54755,"minecraft:walk_one_cm":536146,"minecraft:sneak_time":45628,"minecraft:walk_under_water_one_cm":38206,"minecraft:total_world_time":342390,"minecraft:interact_with_stonecutter":2,"minecraft:time_since_rest":14404,"minecraft:damage_taken":6200,"minecraft:swim_one_cm":131091,"minecraft:fly_one_cm":1143919,"minecraft:open_chest":208,"minecraft:fish_caught":21,"minecraft:fall_one_cm":170531}},"DataVersion":3465}